City_ID,City,Lat,Lng,Max Temp,Humidity,Cloudiness,Wind Speed,Country,Date
0,papatowai,-46.5619,169.4708,284.57,80,27,2.29,NZ,2023-06-13 02:33:54
1,mangrol,21.1167,70.1167,302.39,82,100,14.07,IN,2023-06-13 02:36:11
2,puerto natales,-51.7236,-72.4875,275.12,94,100,1.88,CL,2023-06-13 02:33:53
3,luanda,-8.8368,13.2343,296.15,83,75,1.03,AO,2023-06-13 02:36:11
4,jamestown,42.097,-79.2353,286.92,79,100,4.12,US,2023-06-13 02:33:51
5,barra de santo antonio,-9.4047,-35.5072,296.75,84,23,4.63,BR,2023-06-13 02:36:11
6,hermanus,-34.4187,19.2345,289.15,88,100,13.84,ZA,2023-06-13 02:33:52
7,port-aux-francais,-49.35,70.2167,279.31,88,100,13.91,TF,2023-06-13 02:33:49
8,margaret river,-33.95,115.0667,289.13,69,100,7.74,AU,2023-06-13 02:32:12
9,karasburg,-28.0167,18.75,278.11,87,0,2.92,NA,2023-06-13 02:36:11
10,waitangi,-43.9535,-176.5597,284.16,89,94,1.79,NZ,2023-06-13 02:33:45
11,east london,-33.0153,27.9116,289.84,44,93,9.47,ZA,2023-06-13 02:34:08
12,bena,11.2844,5.9347,295.59,85,76,1.52,NG,2023-06-13 02:36:12
13,wailua homesteads,22.0669,-159.378,300.39,80,20,6.69,US,2023-06-13 02:33:49
14,gobabis,-22.45,18.9667,277.98,71,0,2.32,NA,2023-06-13 02:30:00
15,iqaluit,63.7506,-68.5145,274.0,69,75,4.63,CA,2023-06-13 02:29:24
16,yuzhno-kurilsk,44.0306,145.8556,284.8,97,100,3.4,RU,2023-06-13 02:29:53
17,edinburgh of the seven seas,-37.0676,-12.3116,288.26,90,100,8.33,SH,2023-06-13 02:33:45
18,udachny,66.4167,112.4,289.51,33,18,7.11,RU,2023-06-13 02:34:12
19,nova sintra,14.8667,-24.7167,294.31,85,100,9.43,CV,2023-06-13 02:29:50
20,hilo,19.7297,-155.09,300.34,74,67,3.13,US,2023-06-13 02:34:14
21,pieksamaki,62.3,27.1333,284.25,55,100,3.65,FI,2023-06-13 02:36:13
22,adamstown,-25.066,-130.1015,293.68,62,38,3.01,PN,2023-06-13 02:33:46
23,port lincoln,-34.7333,135.8667,286.73,61,95,9.7,AU,2023-06-13 02:34:48
24,cascais,38.6979,-9.4215,291.77,88,2,6.71,PT,2023-06-13 02:36:13
25,thompson,55.7435,-97.8558,281.24,81,100,5.14,CA,2023-06-13 02:34:07
26,georgetown,5.4112,100.3354,304.11,76,20,3.6,MY,2023-06-13 02:34:12
27,sitka,57.0531,-135.33,285.09,62,75,6.17,US,2023-06-13 02:36:13
28,st. john's,47.5649,-52.7093,281.36,95,100,7.2,CA,2023-06-13 02:34:44
29,west island,-12.1568,96.8225,300.14,83,40,8.47,CC,2023-06-13 02:34:17
30,klyuchi,52.2667,79.1667,292.22,54,18,4.38,RU,2023-06-13 02:34:04
31,lebu,-37.6167,-73.65,280.95,70,0,6.13,CL,2023-06-13 02:34:01
32,grand falls-windsor,48.9332,-55.6649,279.46,95,80,1.36,CA,2023-06-13 02:35:19
33,saint-pierre,-21.3393,55.4781,295.13,73,7,2.57,RE,2023-06-13 02:34:41
34,bredasdorp,-34.5322,20.0403,287.34,75,78,10.56,ZA,2023-06-13 02:33:52
35,grytviken,-54.2811,-36.5092,270.1,85,95,4.25,GS,2023-06-13 02:33:45
36,pocoes,-14.5297,-40.3653,289.0,97,15,1.61,BR,2023-06-13 02:36:14
37,port elizabeth,-33.918,25.5701,286.31,66,0,3.6,ZA,2023-06-13 02:34:26
38,ribeira grande,38.5167,-28.7,291.91,97,10,1.34,PT,2023-06-13 02:33:59
39,hithadhoo,-0.6,73.0833,301.93,70,69,3.7,MV,2023-06-13 02:33:49
40,sandnessjoen,66.0217,12.6316,281.44,96,43,1.34,NO,2023-06-13 02:34:52
41,tura,25.5198,90.2201,300.29,83,7,3.0,IN,2023-06-13 02:34:29
42,popayan,2.4382,-76.6132,288.68,93,94,1.81,CO,2023-06-13 02:36:15
43,olonkinbyen,70.9221,-8.7187,274.75,90,100,8.97,SJ,2023-06-13 02:33:57
44,blackmans bay,-43.0167,147.3167,285.78,77,100,3.92,AU,2023-06-13 02:33:46
45,albany,42.6001,-73.9662,293.47,79,100,0.89,US,2023-06-13 02:33:48
46,hobyo,5.3505,48.5268,298.9,82,55,9.93,SO,2023-06-13 02:36:15
47,san sebastian de la gomera,28.0916,-17.1133,295.35,83,0,1.03,ES,2023-06-13 02:36:15
48,bilibino,68.0546,166.4372,280.2,89,100,5.75,RU,2023-06-13 02:34:05
49,talnakh,69.4865,88.3972,281.6,62,89,2.4,RU,2023-06-13 02:33:48
50,dwarka,22.2394,68.9678,302.32,81,100,15.69,IN,2023-06-13 02:34:33
51,qarazhal,48.0078,70.7903,297.71,24,6,3.98,KZ,2023-06-13 02:34:39
52,micheweni,-4.9667,39.8333,298.14,77,9,4.24,TZ,2023-06-13 02:36:16
53,salinopolis,-0.6136,-47.3561,299.36,86,100,5.58,BR,2023-06-13 02:29:59
54,weno,7.4515,151.8468,305.12,70,75,4.12,FM,2023-06-13 02:29:33
55,ushuaia,-54.8,-68.3,277.96,75,20,10.8,AR,2023-06-13 02:32:05
56,avarua,-21.2078,-159.775,299.18,83,100,7.72,CK,2023-06-13 02:34:06
57,fortuna,40.5982,-124.1573,286.68,94,100,5.66,US,2023-06-13 02:33:59
58,takanabe,32.1333,131.5,297.09,93,100,1.67,JP,2023-06-13 02:36:16
59,zhanaozen,43.3,52.8,301.01,15,4,5.46,KZ,2023-06-13 02:36:16
60,puerto aysen,-45.4,-72.7,274.34,97,100,1.33,CL,2023-06-13 02:29:27
61,petropavlovsk-kamchatsky,53.0452,158.6483,296.48,33,0,3.0,RU,2023-06-13 02:30:33
62,hawaiian paradise park,19.5933,-154.9731,301.88,70,0,3.94,US,2023-06-13 02:34:05
63,mossel bay,-34.1831,22.146,289.11,61,91,9.67,ZA,2023-06-13 02:34:44
64,bethel,41.3712,-73.414,292.34,89,100,2.06,US,2023-06-13 02:33:46
65,ta`u,-14.2336,-169.5144,300.78,74,61,7.23,AS,2023-06-13 02:34:53
66,afaahiti,-17.75,-149.2833,301.08,70,28,8.01,PF,2023-06-13 02:34:03
67,hammerfest,70.6634,23.6821,278.4,81,100,8.23,NO,2023-06-13 02:34:19
68,lethem,3.3803,-59.7968,298.3,82,32,2.21,GY,2023-06-13 02:29:43
69,ankang,32.68,109.0172,299.81,62,0,0.75,CN,2023-06-13 02:36:17
70,fort-shevchenko,44.5086,50.263,299.25,37,0,4.83,KZ,2023-06-13 02:36:17
71,flin flon,54.7682,-101.865,296.49,29,2,4.19,CA,2023-06-13 02:29:53
72,invercargill,-46.4,168.35,284.66,83,72,1.82,NZ,2023-06-13 02:29:49
73,challapata,-18.9,-66.7667,275.95,31,0,1.73,BO,2023-06-13 02:36:18
74,port alfred,-33.5906,26.891,288.15,57,100,8.46,ZA,2023-06-13 02:34:04
75,port mathurin,-19.6833,63.4167,297.88,73,9,6.85,MU,2023-06-13 02:33:52
76,alvaraes,-3.2208,-64.8042,298.57,87,99,0.66,BR,2023-06-13 02:36:18
77,buala,-8.145,159.5921,302.61,73,31,2.87,SB,2023-06-13 02:29:42
78,dunedin,-45.8742,170.5036,285.82,65,60,2.24,NZ,2023-06-13 02:34:32
79,anadyr,64.75,177.4833,290.43,48,0,3.0,RU,2023-06-13 02:34:31
80,acapulco de juarez,16.8634,-99.8901,304.05,74,40,3.09,MX,2023-06-13 02:36:05
81,kiunga,-6.1219,141.2906,299.78,91,94,1.56,PG,2023-06-13 02:36:18
82,sorong,-0.8833,131.25,302.45,69,97,2.91,ID,2023-06-13 02:34:54
83,whitehorse,60.7161,-135.0538,289.58,23,40,8.75,CA,2023-06-13 02:34:16
84,pacific grove,36.6177,-121.9166,290.05,81,40,5.14,US,2023-06-13 02:31:28
85,puerto ayora,-0.7393,-90.3518,299.57,93,76,4.47,EC,2023-06-13 02:33:53
86,taos,36.4072,-105.5731,292.37,15,0,5.14,US,2023-06-13 02:34:19
87,siwa oasis,29.2041,25.5195,298.72,43,0,6.75,EG,2023-06-13 02:34:51
88,stanley,54.868,-1.6985,285.21,94,100,0.51,GB,2023-06-13 02:33:53
89,tongliao,43.6125,122.2653,298.27,38,4,2.47,CN,2023-06-13 02:36:19
90,isafjordur,66.0755,-23.124,280.75,81,68,2.96,IS,2023-06-13 02:34:06
91,longyearbyen,78.2186,15.6401,276.06,75,75,5.14,SJ,2023-06-13 02:34:01
92,ballycastle,55.2044,-6.243,287.89,94,96,1.04,GB,2023-06-13 02:36:19
93,fort mcmurray,56.7268,-111.381,292.92,55,0,1.54,CA,2023-06-13 02:30:31
94,krasnoyarskaya,47.6501,42.0443,288.45,81,99,5.2,RU,2023-06-13 02:36:20
95,mae ramat,16.984,98.5166,299.33,98,100,0.71,TH,2023-06-13 02:36:20
96,nieuw amsterdam,5.8833,-55.0833,299.34,89,100,3.68,SR,2023-06-13 02:34:07
97,kodiak,57.79,-152.4072,286.88,47,20,6.17,US,2023-06-13 02:34:36
98,tselina,46.5338,41.0328,289.22,89,95,3.31,RU,2023-06-13 02:36:20
99,fale old settlement,-9.3852,-171.2468,301.6,78,11,6.64,TK,2023-06-13 02:34:39
100,klaksvik,62.2266,-6.589,279.66,70,99,0.88,FO,2023-06-13 02:34:19
101,east end,34.5507,-92.341,295.16,92,88,2.23,US,2023-06-13 02:36:20
102,tarfaya,27.9358,-12.9218,294.68,84,2,5.46,MA,2023-06-13 02:36:20
103,sona,45.4388,10.8255,293.84,77,75,5.66,IT,2023-06-13 02:36:20
104,dudinka,69.4058,86.1778,281.83,56,64,2.98,RU,2023-06-13 02:34:25
105,geraldton,-28.7667,114.6,289.38,59,0,5.66,AU,2023-06-13 02:29:27
106,kurakhovo,47.9852,37.2821,285.57,92,25,4.48,UA,2023-06-13 02:36:21
107,tralee,52.2704,-9.7026,288.67,95,91,1.12,IE,2023-06-13 02:36:21
108,yellowknife,62.456,-114.3525,280.44,70,75,3.09,CA,2023-06-13 02:33:51
109,beau vallon,-20.4189,57.6953,296.6,94,40,2.06,MU,2023-06-13 02:36:21
110,howrah,22.5892,88.3103,304.15,84,40,2.57,IN,2023-06-13 02:35:38
111,sohbatpur,28.5202,68.5434,310.2,35,0,6.81,PK,2023-06-13 02:36:21
112,vernon,50.2581,-119.2691,305.35,46,34,2.24,CA,2023-06-13 02:35:37
113,crane,31.3974,-102.3501,305.04,13,2,4.29,US,2023-06-13 02:33:47
114,pisco,-13.7,-76.2167,293.18,77,2,3.09,PE,2023-06-13 02:34:24
115,qamdo,31.1667,97.2333,276.18,93,100,1.07,CN,2023-06-13 02:29:43
116,polyarnyy,69.1989,33.4478,283.02,65,92,6.32,RU,2023-06-13 02:35:19
117,valparaiso,-33.0393,-71.6273,277.95,100,0,2.06,CL,2023-06-13 02:35:12
118,chonchi,-42.6128,-73.8092,276.71,95,18,0.85,CL,2023-06-13 02:29:09
119,acajutla,13.5928,-89.8275,300.96,85,100,1.11,SV,2023-06-13 02:36:22
120,tual,-5.6667,132.75,300.13,81,100,8.64,ID,2023-06-13 02:35:35
121,vorgashor,67.5833,63.95,281.38,53,100,5.75,RU,2023-06-13 02:34:01
122,rongelap,11.1635,166.8941,301.15,80,99,8.19,MH,2023-06-13 02:36:22
123,borogontsy,62.6683,131.1683,281.65,74,100,1.39,RU,2023-06-13 02:36:23
124,cherokee,34.2668,-84.4499,293.97,85,0,0.0,US,2023-06-13 02:32:24
125,inhambane,-23.865,35.3833,292.63,89,51,3.09,MZ,2023-06-13 02:29:35
126,aberdeen,57.1437,-2.0981,289.07,100,62,1.54,GB,2023-06-13 02:36:23
127,nouadhibou,20.931,-17.0347,294.14,82,0,8.9,MR,2023-06-13 02:31:03
128,livingstone,-17.8419,25.8543,288.09,31,39,2.95,ZM,2023-06-13 02:36:23
129,aasiaat,68.7098,-52.8699,270.56,86,44,2.1,GL,2023-06-13 02:34:10
130,twon-brass,4.3151,6.2418,299.27,82,100,3.03,NG,2023-06-13 02:36:23
131,vadso,70.0744,29.7487,282.24,61,100,6.17,NO,2023-06-13 02:29:46
132,badger,64.8,-147.5333,290.58,42,100,7.72,US,2023-06-13 02:34:28
133,greymouth,-42.4667,171.2,286.08,58,13,1.38,NZ,2023-06-13 02:29:17
134,callao,-12.0667,-77.15,294.31,78,75,8.75,PE,2023-06-13 02:31:51
135,medicine hat,50.0501,-110.6683,300.39,44,40,3.09,CA,2023-06-13 02:34:57
136,harlingen,26.1906,-97.6961,302.1,87,0,5.66,US,2023-06-13 02:33:16
137,ust-nera,64.5667,143.2,280.87,84,100,3.65,RU,2023-06-13 02:33:56
138,qalat,32.1058,66.9083,300.97,12,0,1.12,AF,2023-06-13 02:36:24
139,yokohama,35.4478,139.6425,303.22,83,40,1.54,JP,2023-06-13 02:32:43
140,ancud,-41.8697,-73.8203,277.67,90,61,2.61,CL,2023-06-13 02:35:03
141,pemba,-12.974,40.5178,296.54,94,20,1.03,MZ,2023-06-13 02:33:56
142,haiku-pauwela,20.9219,-156.3051,303.16,57,0,9.77,US,2023-06-13 02:34:04
143,bonnyville,54.2668,-110.735,295.77,61,9,1.66,CA,2023-06-13 02:36:24
144,bubaque,11.2833,-15.8333,299.37,85,100,4.77,GW,2023-06-13 02:29:23
145,kolokani,13.5728,-8.0339,297.84,71,81,7.15,ML,2023-06-13 02:34:49
146,owosso,42.9978,-84.1766,287.23,77,0,3.13,US,2023-06-13 02:32:29
147,tisul',55.7611,88.3122,286.22,64,100,2.52,RU,2023-06-13 02:34:50
148,kone,-21.0595,164.8658,299.46,47,10,2.1,NC,2023-06-13 02:29:33
149,terenozek,45.05,64.9833,300.24,13,60,9.99,KZ,2023-06-13 02:36:25
150,aykhal,66.0,111.5,288.39,34,11,7.69,RU,2023-06-13 02:34:02
151,concordia,-31.393,-58.0209,275.81,100,76,2.6,AR,2023-06-13 02:36:25
152,new norfolk,-42.7826,147.0587,286.44,77,94,1.37,AU,2023-06-13 02:34:23
153,tiksi,71.6872,128.8694,275.91,96,100,3.1,RU,2023-06-13 02:33:52
154,happy valley-goose bay,53.3168,-60.3315,288.32,47,75,2.06,CA,2023-06-13 02:34:46
155,chos malal,-37.3781,-70.2709,277.49,32,0,0.08,AR,2023-06-13 02:35:35
156,evanston,42.0411,-87.6901,290.9,57,100,6.69,US,2023-06-13 02:36:26
157,moroto,2.5345,34.6666,291.54,80,80,1.53,UG,2023-06-13 02:36:26
158,kargasok,59.0556,80.8572,283.25,50,59,5.19,RU,2023-06-13 02:34:52
159,thunder bay,48.4001,-89.3168,289.14,55,75,1.54,CA,2023-06-13 02:34:07
160,midvagur,62.0511,-7.1939,279.61,87,100,0.0,FO,2023-06-13 02:29:26
161,nizhneudinsk,54.9076,99.0276,284.57,91,100,0.91,RU,2023-06-13 02:36:26
162,filey,54.21,-0.2892,287.47,89,7,1.34,GB,2023-06-13 02:34:35
163,kirakira,-10.4544,161.9205,302.2,76,23,3.28,SB,2023-06-13 02:30:03
164,tame,6.461,-71.73,295.47,86,75,1.56,CO,2023-06-13 02:36:27
165,ginir,7.1333,40.7,287.06,82,84,2.31,ET,2023-06-13 02:36:27
166,abeche,13.8292,20.8324,299.82,61,81,3.43,TD,2023-06-13 02:36:27
167,alesund,62.4723,6.1549,288.1,79,100,0.51,NO,2023-06-13 02:36:27
168,charters towers,-20.1,146.2667,299.6,42,6,2.34,AU,2023-06-13 02:36:27
169,howard springs,-12.497,131.047,303.61,26,100,4.74,AU,2023-06-13 02:34:27
170,lazaro cardenas,17.9583,-102.2,300.26,78,1,3.37,MX,2023-06-13 02:34:27
171,dezhou,37.4486,116.2925,304.42,25,5,4.05,CN,2023-06-13 02:36:27
172,lavelanet,42.9313,1.8466,287.85,90,70,2.16,FR,2023-06-13 02:36:27
173,say,13.1007,2.3689,300.46,68,99,2.48,NE,2023-06-13 02:36:28
174,san patricio,28.017,-97.5169,301.57,86,54,5.99,US,2023-06-13 02:34:20
175,wakkanai,45.4094,141.6739,289.14,100,75,2.57,JP,2023-06-13 02:36:28
176,acarau,-2.8856,-40.12,298.11,86,0,4.82,BR,2023-06-13 02:34:56
177,as sulayyil,20.4607,45.5779,304.29,18,100,6.01,SA,2023-06-13 02:29:28
178,mount pearl,47.5166,-52.7813,280.9,95,100,7.2,CA,2023-06-13 02:34:22
179,jayapura,-2.5333,140.7,302.81,96,99,2.66,ID,2023-06-13 02:29:44
180,saipan,15.1355,145.701,304.54,100,40,5.66,MP,2023-06-13 02:34:11
181,xilin hot,43.9667,116.0333,297.94,30,4,4.54,CN,2023-06-13 02:36:28
182,bousso,10.4795,16.7117,299.49,71,100,1.75,TD,2023-06-13 02:36:29
183,lata,40.1629,-8.3327,291.52,98,99,1.72,PT,2023-06-13 02:34:30
184,pacasmayo,-7.4006,-79.5714,294.61,82,2,6.71,PE,2023-06-13 02:34:53
185,nemuro,43.3236,145.575,285.12,97,100,5.12,JP,2023-06-13 02:30:41
186,iskateley,67.6803,53.1512,282.75,56,79,4.15,RU,2023-06-13 02:34:33
187,kabare,-2.4683,28.8242,288.81,85,63,0.76,CD,2023-06-13 02:36:29
188,tazovsky,67.4667,78.7,274.21,91,100,7.98,RU,2023-06-13 02:34:29
189,egilsstadir,65.2653,-14.3948,279.1,87,0,1.54,IS,2023-06-13 02:35:36
190,yanam,16.7333,82.2167,309.93,38,99,4.76,IN,2023-06-13 02:35:31
191,ainaro,-8.9924,125.5082,298.22,44,100,2.84,TL,2023-06-13 02:36:29
192,novoukrayinka,48.3264,31.5285,284.95,95,99,5.13,UA,2023-06-13 02:36:29
193,al ghayzah,16.2079,52.176,301.65,88,100,1.09,YE,2023-06-13 02:35:05
194,puerto maldonado,-12.6,-69.1833,290.72,99,100,2.74,PE,2023-06-13 02:36:30
195,pompeia,-22.1086,-50.1717,290.69,97,99,1.86,BR,2023-06-13 02:36:30
196,tolanaro,-25.0319,46.9987,290.19,94,20,0.0,MG,2023-06-13 02:33:45
197,mongo,12.1844,18.693,299.38,71,100,2.2,TD,2023-06-13 02:36:30
198,tosno,59.54,30.8775,285.77,59,10,1.51,RU,2023-06-13 02:36:30
199,arraial do cabo,-22.9661,-42.0278,294.96,91,2,3.23,BR,2023-06-13 02:34:30
200,nadi,-17.8,177.4167,301.15,69,40,5.14,FJ,2023-06-13 02:34:15
201,plastun,44.7561,136.2939,287.69,82,97,2.53,RU,2023-06-13 02:36:30
202,tobelo,1.7284,128.0095,300.41,80,100,1.98,ID,2023-06-13 02:36:31
203,ghanzi,-21.5667,21.7833,279.78,74,0,3.59,BW,2023-06-13 02:36:31
204,westport,41.1415,-73.3579,293.2,93,100,4.63,US,2023-06-13 02:29:30
205,hamilton,39.1834,-84.5333,288.15,73,20,2.06,US,2023-06-13 02:31:05
206,guanica,17.9716,-66.908,301.54,63,4,3.7,PR,2023-06-13 02:36:31
207,elizabeth city,36.2946,-76.2511,295.96,93,0,3.09,US,2023-06-13 02:36:31
208,atafu village,-8.5421,-172.5159,301.83,75,33,6.83,TK,2023-06-13 02:33:48
209,villa emilio carranza,19.9667,-96.6,300.93,91,2,2.62,MX,2023-06-13 02:36:31
210,sargatskoye,55.6101,73.4972,285.51,57,100,3.44,RU,2023-06-13 02:36:31
211,fort bragg,35.139,-79.006,296.23,88,75,1.54,US,2023-06-13 02:34:54
212,houlton,46.1262,-67.8403,292.93,66,0,0.0,US,2023-06-13 02:34:29
213,vyksa,55.3175,42.1744,283.57,70,1,3.73,RU,2023-06-13 02:36:32
214,saudarkrokur,65.7461,-19.6394,281.58,83,8,3.1,IS,2023-06-13 02:36:32
215,mata-utu,-13.2816,-176.1745,301.44,76,83,5.33,WF,2023-06-13 02:36:32
216,inirida,3.8653,-67.9239,296.96,93,38,1.08,CO,2023-06-13 02:29:30
217,paradip garh,20.3167,86.6167,308.18,51,72,4.54,IN,2023-06-13 02:36:32
218,bardai,11.65,7.2333,295.59,85,63,2.55,NG,2023-06-13 02:34:09
219,kisesa,-3.0833,34.15,290.3,70,60,1.71,TZ,2023-06-13 02:36:32
220,nogliki,51.8333,143.1667,279.3,96,100,3.21,RU,2023-06-13 02:35:24
221,porto novo,6.4965,2.6036,300.05,82,100,2.57,BJ,2023-06-13 02:36:33
222,college,64.8569,-147.8028,290.63,43,75,7.72,US,2023-06-13 02:33:57
223,mukalla,14.5425,49.1242,303.91,77,97,1.7,YE,2023-06-13 02:36:33
224,road town,18.4167,-64.6167,301.2,78,13,10.07,VG,2023-06-13 02:29:44
225,kudahuvadhoo,2.6708,72.8944,301.85,76,75,5.81,MV,2023-06-13 02:36:33
226,chu,43.5983,73.7614,299.02,20,62,1.85,KZ,2023-06-13 02:36:33
227,punta arenas,-53.15,-70.9167,279.21,70,20,6.17,CL,2023-06-13 02:33:56
228,hami,42.8,93.45,306.74,15,76,3.45,CN,2023-06-13 02:35:30
229,freeport,40.6576,-73.5832,293.7,91,100,6.17,US,2023-06-13 02:33:14
230,kingston,17.997,-76.7936,301.68,78,20,6.69,JM,2023-06-13 02:35:03
231,kupang,-10.1667,123.5833,303.47,51,20,9.26,ID,2023-06-13 02:33:51
232,yesilyurt,38.2972,38.2497,287.12,60,0,0.27,TR,2023-06-13 02:36:34
233,juan griego,11.0817,-63.9655,300.22,94,52,4.63,VE,2023-06-13 02:36:34
234,brokopondo,4.75,-55.1667,298.34,88,100,3.07,SR,2023-06-13 02:29:52
235,noumea,-22.2763,166.4572,299.14,99,3,6.49,NC,2023-06-13 02:30:00
236,zouerate,22.7187,-12.4521,298.63,41,0,6.38,MR,2023-06-13 02:34:26
237,kill devil hills,36.0307,-75.676,295.16,92,40,6.69,US,2023-06-13 02:29:57
238,teluknaga,-6.0989,106.6381,305.96,59,20,4.12,ID,2023-06-13 02:36:34
239,hatillo,18.4863,-66.8254,301.54,90,5,2.68,PR,2023-06-13 02:36:34
240,sisimiut,66.9395,-53.6735,273.21,88,31,3.26,GL,2023-06-13 02:34:30
241,chachoengsao,13.6167,101.4167,305.7,75,99,4.65,TH,2023-06-13 02:36:34
242,uturoa,-16.7333,-151.4333,300.34,73,21,7.05,PF,2023-06-13 02:34:05
243,boju,7.3783,7.9112,295.64,95,98,1.47,NG,2023-06-13 02:36:35
244,tahe,52.3333,124.7333,299.4,40,100,4.77,CN,2023-06-13 02:36:35
245,tamiahua,21.2667,-97.45,300.37,93,6,3.43,MX,2023-06-13 02:36:35
246,lihue,21.9789,-159.3672,300.73,74,20,6.69,US,2023-06-13 02:30:49
247,ketchikan,55.3422,-131.6461,290.41,55,0,4.12,US,2023-06-13 02:34:48
248,vilyuchinsk,52.9306,158.4028,297.3,47,0,1.42,RU,2023-06-13 02:34:14
249,cherlak,54.155,74.8055,287.47,53,100,3.63,RU,2023-06-13 02:36:35
250,ad dujayl,33.8467,44.2344,304.15,24,3,2.31,IQ,2023-06-13 02:36:35
251,aldinga beach,-35.2793,138.4604,288.96,71,38,11.06,AU,2023-06-13 02:36:31
252,lompoc,34.6391,-120.4579,291.49,83,0,3.09,US,2023-06-13 02:33:59
253,ilulissat,69.2167,-51.1,275.16,75,75,0.0,GL,2023-06-13 02:33:51
254,gadzhiyevo,69.2551,33.3362,282.75,65,98,6.94,RU,2023-06-13 02:35:28
255,alexandria,31.2156,29.9553,293.45,75,0,1.94,EG,2023-06-13 02:36:36
256,chichimila,20.6167,-88.2167,299.37,89,55,1.69,MX,2023-06-13 02:36:36
257,vilyuysk,63.7553,121.6247,288.0,31,1,5.33,RU,2023-06-13 02:28:02
258,morwell,-38.2333,146.4,286.71,82,100,0.64,AU,2023-06-13 02:36:36
259,tulun,54.5611,100.5792,283.34,94,100,3.85,RU,2023-06-13 02:36:36
260,joshimath,30.5667,79.5667,296.44,57,28,1.91,IN,2023-06-13 02:36:36
261,northam,51.0333,-4.2167,288.52,97,24,0.45,GB,2023-06-13 02:34:22
262,port augusta,-32.5,137.7667,289.5,51,8,8.18,AU,2023-06-13 02:28:08
263,taulaga,-11.0553,-171.0883,301.55,77,11,7.05,AS,2023-06-13 02:36:37
264,yarmouth,41.7057,-70.2286,292.18,91,100,4.12,US,2023-06-13 02:32:15
265,saacow,1.6279,42.4407,295.45,89,84,3.54,SO,2023-06-13 02:36:37
266,ocos,14.5094,-92.1933,299.25,76,100,2.29,GT,2023-06-13 02:36:37
267,zadonsk,52.3904,38.9261,283.96,71,100,6.31,RU,2023-06-13 02:36:37
268,hiratacho,35.4333,132.8167,300.13,69,75,5.66,JP,2023-06-13 02:36:37
269,viedma,-40.8135,-62.9967,278.62,49,7,4.3,AR,2023-06-13 02:29:11
270,watertown,42.3709,-71.1828,294.16,87,100,3.13,US,2023-06-13 02:36:37
271,la foa,-21.7108,165.8276,296.89,52,13,3.14,NC,2023-06-13 02:35:31
272,galveston,29.3669,-94.9669,301.48,85,0,5.66,US,2023-06-13 02:34:35
273,ocean shores,46.9737,-124.1563,290.15,84,0,6.69,US,2023-06-13 02:36:38
274,luderitz,-26.6481,15.1594,285.4,81,0,4.21,NA,2023-06-13 02:34:42
275,cruzeiro do sul,-29.5128,-51.9853,279.55,91,20,1.13,BR,2023-06-13 02:36:38
276,ongwediva,-17.7833,15.7667,283.13,20,6,3.18,NA,2023-06-13 02:36:38
277,chita,52.0333,113.55,293.09,46,96,3.0,RU,2023-06-13 02:35:57
278,mar del plata,-38.0023,-57.5575,280.42,90,40,1.54,AR,2023-06-13 02:30:28
279,nantucket,41.2835,-70.0995,292.18,100,100,6.17,US,2023-06-13 02:36:38
280,sumbe,-11.2061,13.8437,293.62,87,67,0.53,AO,2023-06-13 02:36:38
281,wanning,18.8003,110.3967,304.46,67,100,3.13,CN,2023-06-13 02:36:38
282,robore,-18.3333,-59.75,280.83,95,100,2.81,BO,2023-06-13 02:36:39
283,flying fish cove,-10.4217,105.6791,299.97,83,75,6.69,CX,2023-06-13 02:35:11
284,ribeira brava,32.65,-17.0667,292.5,84,90,0.51,PT,2023-06-13 02:36:39
285,karakulino,56.012,53.7067,283.84,59,0,3.67,RU,2023-06-13 02:36:39
286,narasannapeta,18.4167,84.05,308.56,42,41,4.08,IN,2023-06-13 02:36:39
287,taroa,8.7058,171.2275,301.44,79,62,8.61,MH,2023-06-13 02:29:58
288,newport,51.5877,-2.9984,290.75,89,90,3.55,GB,2023-06-13 02:33:44
289,korla,41.7597,86.1469,306.22,17,95,2.86,CN,2023-06-13 02:33:49
290,yemetsk,63.4721,41.7941,289.33,57,100,4.14,RU,2023-06-13 02:36:39
291,caluula,11.9661,50.7569,304.92,64,100,0.52,SO,2023-06-13 02:35:29
292,port saint john's,-31.6229,29.5448,287.75,66,79,2.75,ZA,2023-06-13 02:34:03
293,hun,29.1268,15.9477,295.03,58,0,2.53,LY,2023-06-13 02:36:40
294,mizque,-17.941,-65.3402,286.88,89,94,1.91,BO,2023-06-13 02:36:40
295,forster,-32.1667,152.5167,294.41,50,100,2.78,AU,2023-06-13 02:35:26
296,heunghae,36.1125,129.3522,297.59,67,79,2.84,KR,2023-06-13 02:36:40
297,north bondi,-33.8824,151.2769,294.38,64,0,6.17,AU,2023-06-13 02:36:40
298,bodo,67.28,14.405,281.17,89,100,9.77,NO,2023-06-13 02:35:39
299,kodinar,20.7903,70.7031,301.98,83,97,11.73,IN,2023-06-13 02:36:40
300,uglich,57.5275,38.3317,284.99,71,19,1.14,RU,2023-06-13 02:36:40
301,riviere-du-loup,47.8304,-69.5342,292.3,63,0,0.0,CA,2023-06-13 02:35:14
302,hirtshals,57.5881,9.9592,285.86,67,97,3.82,DK,2023-06-13 02:36:41
303,qaqortoq,60.7167,-46.0333,280.22,77,100,2.92,GL,2023-06-13 02:33:50
304,mejit,10.2753,170.8646,301.08,80,86,9.03,MH,2023-06-13 02:35:24
305,tymovskoye,50.8456,142.655,291.09,62,64,1.47,RU,2023-06-13 02:36:41
306,antonio enes,-16.2325,39.9086,292.33,93,10,2.79,MZ,2023-06-13 02:30:03
307,nagqu,31.5,92.0,282.52,55,98,3.51,CN,2023-06-13 02:35:14
308,alaghsas,17.0187,8.0168,303.65,37,69,4.48,NE,2023-06-13 02:34:06
309,mount isa,-20.7333,139.5,301.02,18,19,5.66,AU,2023-06-13 02:34:37
310,benguela,-12.5763,13.4055,291.9,87,6,0.61,AO,2023-06-13 02:28:09
311,tshabong,-26.05,22.45,279.33,74,0,4.32,BW,2023-06-13 02:34:31
312,touros,-5.1989,-35.4608,297.22,89,4,4.53,BR,2023-06-13 02:34:17
313,jacksonville,30.3322,-81.6556,302.21,69,0,5.14,US,2023-06-13 02:32:24
314,lerwick,60.1545,-1.1494,285.15,93,100,3.08,GB,2023-06-13 02:36:42
315,coracora,-15.0333,-73.7833,282.12,34,52,2.45,PE,2023-06-13 02:36:42
316,homosassa springs,28.8036,-82.5759,300.36,85,0,0.0,US,2023-06-13 02:36:42
317,berlin,52.5244,13.4105,290.9,61,0,2.57,DE,2023-06-13 02:25:31
318,kiama,-34.6833,150.8667,295.69,61,62,2.24,AU,2023-06-13 02:36:42
319,ust-tsilma,65.441,52.1498,285.72,79,100,2.75,RU,2023-06-13 02:29:16
320,alice springs,-23.7,133.8833,291.05,31,0,4.63,AU,2023-06-13 02:34:51
321,brownfield,33.1812,-102.2744,292.25,78,0,6.94,US,2023-06-13 02:36:42
322,maebashi,36.3911,139.0608,303.75,47,72,2.06,JP,2023-06-13 02:33:57
323,nchelenge,-9.3451,28.734,291.77,59,31,2.29,ZM,2023-06-13 02:36:43
324,veinticinco de mayo,-35.4323,-60.1727,276.47,70,0,0.89,AR,2023-06-13 02:35:39
325,cabedelo,-6.9811,-34.8339,297.52,84,28,6.08,BR,2023-06-13 02:33:59
326,pionerskiy,54.9508,20.2275,285.79,60,97,4.32,RU,2023-06-13 02:36:43
327,keflavik,64.0049,-22.5624,281.41,81,0,1.03,IS,2023-06-13 02:34:14
328,champerico,14.3,-91.9167,302.1,77,100,2.96,GT,2023-06-13 02:27:40
329,altamira,-3.2033,-52.2064,296.57,97,94,1.33,BR,2023-06-13 02:36:43
330,codrington,-38.2667,141.9667,286.48,69,96,7.06,AU,2023-06-13 02:34:21
331,kuala terengganu,5.3302,103.1408,305.36,79,20,2.57,MY,2023-06-13 02:36:43
332,vila velha,-20.3297,-40.2925,297.12,89,20,4.12,BR,2023-06-13 02:34:42
333,sihanoukville,10.6093,103.5296,302.12,79,40,0.0,KH,2023-06-13 02:29:35
334,peterhead,57.5058,-1.7981,287.29,96,99,3.14,GB,2023-06-13 02:36:44
335,el calafate,-50.3408,-72.2768,273.44,70,100,1.34,AR,2023-06-13 02:36:44
336,murghob,38.1702,73.9667,283.33,46,12,1.26,TJ,2023-06-13 02:36:44
337,labasa,-16.4167,179.3833,300.12,77,52,3.53,FJ,2023-06-13 02:36:44
338,marsh harbour,26.5412,-77.0636,300.34,79,36,4.09,BS,2023-06-13 02:35:11
339,kidal,18.4411,1.4078,303.93,40,6,3.65,ML,2023-06-13 02:29:32
340,tofol,5.3248,163.0078,303.03,70,100,1.54,FM,2023-06-13 02:33:59
341,antsiranana,-12.2787,49.2917,294.49,86,3,3.53,MG,2023-06-13 02:34:05
342,fayetteville,35.0527,-78.8784,296.44,90,100,1.54,US,2023-06-13 02:36:45
343,veraval,20.9,70.3667,302.35,83,100,13.3,IN,2023-06-13 02:36:45
344,st. paul,44.9444,-93.0933,296.46,41,75,2.57,US,2023-06-13 02:33:46
345,mastic beach,40.7668,-72.8521,293.14,96,100,5.36,US,2023-06-13 02:36:45
346,ulsteinvik,62.3432,5.8487,288.1,82,100,0.89,NO,2023-06-13 02:29:38
347,cuenca,-2.8833,-78.9833,287.22,77,20,1.03,EC,2023-06-13 02:36:45
348,arkalyk,50.2486,66.9114,293.62,57,23,8.26,KZ,2023-06-13 02:36:45
349,upington,-28.4478,21.2561,277.36,75,0,1.03,ZA,2023-06-13 02:36:45
350,cutral-co,-38.9469,-69.2089,277.76,37,0,1.87,AR,2023-06-13 02:36:45
351,nuku'alofa,-21.1333,-175.2,296.34,78,75,0.51,TO,2023-06-13 02:29:53
352,angaur state,6.906,134.13,300.51,78,92,4.07,PW,2023-06-13 02:36:46
353,saldanha,-33.0117,17.9442,286.18,83,100,7.95,ZA,2023-06-13 02:34:22
354,revda,56.801,59.9303,283.12,50,0,1.77,RU,2023-06-13 02:34:50
355,kapuskasing,49.4169,-82.4331,290.15,82,100,2.06,CA,2023-06-13 02:34:22
356,dongola,19.1667,30.4833,304.6,19,27,4.12,SD,2023-06-13 02:35:35
357,ende,-8.8432,121.6623,301.35,61,17,3.48,ID,2023-06-13 02:33:56
358,katsuura,35.1333,140.3,296.72,82,84,4.67,JP,2023-06-13 02:29:34
359,cannonvale,-20.2833,148.7,295.81,69,10,3.85,AU,2023-06-13 02:36:46
360,kununurra,-15.7667,128.7333,303.14,28,23,5.66,AU,2023-06-13 02:34:38
361,utrik,11.2278,169.8474,300.92,80,48,7.99,MH,2023-06-13 02:34:02
362,saint-francois,46.4154,3.9054,286.3,100,75,0.0,FR,2023-06-13 02:34:13
363,aitape,-3.1374,142.3475,301.44,79,100,0.86,PG,2023-06-13 02:36:47
364,maun,-19.9833,23.4167,287.13,41,0,4.63,BW,2023-06-13 02:36:47
365,ciudad lazaro cardenas,17.9583,-102.2,300.61,75,1,3.5,MX,2023-06-13 02:29:22
366,scarborough,54.2797,-0.4044,287.4,90,7,1.79,GB,2023-06-13 02:29:27
367,sur,22.5667,59.5289,306.51,46,100,2.43,OM,2023-06-13 02:34:04
368,santiago de cuba,20.0247,-75.8219,301.21,69,20,1.03,CU,2023-06-13 02:36:47
369,tortoli,39.9256,9.6572,294.05,88,0,4.12,IT,2023-06-13 02:36:47
370,arar,30.9753,41.0381,299.16,25,0,3.6,SA,2023-06-13 02:30:10
371,namibe,-15.1961,12.1522,288.94,79,4,0.99,AO,2023-06-13 02:34:41
372,nar'yan-mar,67.6713,53.087,282.77,56,82,4.16,RU,2023-06-13 02:33:15
373,kondoa,-4.9,35.7833,288.88,85,98,1.12,TZ,2023-06-13 02:36:48
374,aquidauana,-20.4711,-55.7872,284.27,96,100,3.03,BR,2023-06-13 02:36:48
375,north platte,41.1239,-100.7654,292.08,53,100,2.68,US,2023-06-13 02:32:14
376,susuman,62.7833,148.1667,284.8,81,100,3.7,RU,2023-06-13 02:36:48
377,suwayr,30.1171,40.3893,295.67,28,0,3.55,SA,2023-06-13 02:34:53
378,kingscliff,-28.2667,153.5667,296.89,73,40,4.12,AU,2023-06-13 02:34:59
379,merizo village,13.2658,144.6691,304.0,87,35,7.9,GU,2023-06-13 02:35:33
380,jabor,5.921,169.6434,301.01,81,100,6.44,MH,2023-06-13 02:36:48
381,kurchatov,51.6601,35.6521,285.38,81,85,4.82,RU,2023-06-13 02:36:48
382,queenstown,-31.8976,26.8753,279.73,61,55,5.47,ZA,2023-06-13 02:31:53
383,kananga,-5.8958,22.4178,292.45,90,46,0.35,CD,2023-06-13 02:36:49
384,visakhapatnam,17.69,83.2093,305.09,70,75,1.03,IN,2023-06-13 02:36:49
385,general mosconi,-23.1851,-62.303,284.04,37,100,4.94,AR,2023-06-13 02:36:49
386,kayanza,-3.0667,29.6667,289.16,81,98,0.38,BI,2023-06-13 02:36:49
387,kuchera,26.9839,73.9719,306.94,41,1,8.08,IN,2023-06-13 02:36:49
388,zabaykal'sk,49.6333,117.3167,304.08,20,97,4.84,RU,2023-06-13 02:36:49
389,gaigeturi,33.4644,126.3183,295.18,88,75,2.06,KR,2023-06-13 02:36:49
390,kerikeri,-35.2268,173.9474,290.32,66,1,3.32,NZ,2023-06-13 02:29:54
391,ratne,51.6683,24.5303,283.49,98,100,2.57,UA,2023-06-13 02:36:50
392,bac lieu,9.285,105.7244,304.13,64,84,5.37,VN,2023-06-13 02:36:50
393,kuta,-8.7233,115.1723,301.12,78,20,7.72,ID,2023-06-13 02:36:50
394,shkurinskaya,46.5858,39.3599,289.6,94,94,3.63,RU,2023-06-13 02:36:50
395,ironwood,46.4547,-90.171,284.34,100,100,1.54,US,2023-06-13 02:36:50
396,vernal,40.4555,-109.5287,291.99,32,0,3.6,US,2023-06-13 02:36:50
397,santyoku,37.4406,129.1708,295.0,73,88,2.76,KR,2023-06-13 02:36:50
398,huarmey,-10.0681,-78.1522,294.28,81,10,6.14,PE,2023-06-13 02:29:11
399,concepcion del uruguay,-32.4825,-58.2372,278.7,84,2,2.27,AR,2023-06-13 02:36:50
400,remire-montjoly,4.9167,-52.2667,298.17,94,0,0.51,GF,2023-06-13 02:34:44
401,posadas,-27.3671,-55.8961,283.14,57,0,4.63,AR,2023-06-13 02:35:21
402,andergrove,-21.0833,149.1833,300.73,70,2,2.7,AU,2023-06-13 02:36:51
403,kosh-agach,50.0,88.6667,284.64,57,1,1.1,RU,2023-06-13 02:29:57
404,tadpatri,14.9167,78.0167,303.76,54,19,7.42,IN,2023-06-13 02:36:51
405,san alberto,7.7611,-73.3922,298.72,85,98,2.5,CO,2023-06-13 02:36:51
406,urkarakh,42.163,47.6307,291.2,67,71,1.88,RU,2023-06-13 02:36:51
407,kushikino,31.7167,130.2667,299.85,84,100,0.86,JP,2023-06-13 02:36:51
408,fort st. john,56.2499,-120.8529,296.09,40,75,2.06,CA,2023-06-13 02:34:24
409,nyagan,62.1406,65.3936,284.07,43,12,2.52,RU,2023-06-13 02:34:58
410,barcelos,41.5388,-8.6151,292.23,89,97,1.25,PT,2023-06-13 02:36:52
411,irymple,-34.25,142.1667,288.2,72,19,0.89,AU,2023-06-13 02:34:13
412,pskov,57.8136,28.3496,278.1,100,0,0.0,RU,2023-06-13 02:36:52
413,khandyga,62.6667,135.6,284.73,65,100,2.25,RU,2023-06-13 02:29:55
414,constantia,44.1833,28.65,285.76,85,40,6.95,RO,2023-06-13 02:34:11
415,lewistown,40.5992,-77.5714,289.92,77,40,4.63,US,2023-06-13 02:36:52
416,baardheere,2.3446,42.2764,295.85,85,74,4.43,SO,2023-06-13 02:36:52
417,sarykemer,43.0,71.5,294.86,18,100,0.95,KZ,2023-06-13 02:36:52
418,at taj,24.2049,23.2857,303.21,22,0,6.75,LY,2023-06-13 02:29:55
419,saint cloud,45.5608,-94.1625,294.14,43,0,1.54,US,2023-06-13 02:36:53
420,puerto baquerizo moreno,-0.9,-89.6,299.06,82,25,5.27,EC,2023-06-13 02:34:09
421,saraktash,51.7866,51.7866,287.61,67,85,8.71,RU,2023-06-13 02:36:16
422,letterkenny,54.95,-7.7333,287.67,94,94,1.2,IE,2023-06-13 02:36:53
423,jijiga,9.35,42.8,289.82,91,94,3.0,ET,2023-06-13 02:36:53
424,mount pleasant,32.7941,-79.8626,297.23,96,0,3.09,US,2023-06-13 02:33:07
425,egirdir,37.8746,30.8504,284.75,81,87,1.22,TR,2023-06-13 02:36:53
426,ar ruways,24.1103,52.7306,305.1,61,100,4.78,AE,2023-06-13 02:36:53
427,datong,40.0936,113.2914,297.83,26,2,4.77,CN,2023-06-13 02:36:53
428,banjarmasin,-3.3244,114.591,303.23,59,96,1.64,ID,2023-06-13 02:36:53
429,shizukuishi,39.6833,140.9833,296.58,63,47,1.93,JP,2023-06-13 02:36:54
430,veszto,46.9167,21.2667,284.47,91,6,3.75,HU,2023-06-13 02:36:54
431,yoichi,43.2039,140.7703,292.44,82,98,0.96,JP,2023-06-13 02:36:54
432,doka,13.5167,35.7667,299.31,64,100,4.35,SD,2023-06-13 02:36:54
433,praya,14.9215,-23.5087,298.45,73,0,5.14,CV,2023-06-13 02:34:14
434,la passe,45.5549,-0.8967,291.28,92,100,2.86,FR,2023-06-13 02:34:16
435,nuuk,64.1835,-51.7216,273.49,100,100,2.06,GL,2023-06-13 02:29:31
436,usogorsk,63.4106,48.6872,288.33,74,99,4.0,RU,2023-06-13 02:34:10
437,yebaishou,41.3975,119.6408,297.88,34,28,5.57,CN,2023-06-13 02:36:54
438,jinchang,38.4953,102.1739,299.99,15,0,5.25,CN,2023-06-13 02:34:56
439,kourou,5.1552,-52.6478,298.18,90,77,2.85,GF,2023-06-13 02:29:29
440,minas de marcona,-15.2119,-75.1103,285.36,86,82,7.6,PE,2023-06-13 02:31:18
441,astravyets,54.6138,25.9554,285.93,75,100,3.14,BY,2023-06-13 02:36:55
442,kenora,49.8167,-94.4337,295.69,49,20,2.06,CA,2023-06-13 02:34:51
443,roma,43.2128,-75.4557,291.53,91,100,3.09,US,2023-06-13 02:35:26
444,changji,44.0167,87.3167,298.59,47,0,1.0,CN,2023-06-13 02:36:55
445,xifeng,42.7372,124.7222,297.43,43,66,2.36,CN,2023-06-13 02:36:55
446,hanceville,34.0607,-86.7675,293.26,84,5,1.97,US,2023-06-13 02:36:55
447,aleg,17.0481,-13.9209,305.98,15,49,4.08,MR,2023-06-13 02:36:55
448,ust'-kulom,61.6864,53.6902,286.25,72,95,3.9,RU,2023-06-13 02:36:56
449,sidi okba,34.7451,5.8983,300.31,41,40,10.29,DZ,2023-06-13 02:36:56
450,houghton,47.1219,-88.569,283.21,96,100,4.63,US,2023-06-13 02:36:56
451,cabo san lucas,22.8909,-109.9124,303.32,39,0,2.57,MX,2023-06-13 02:33:01
452,moldava nad bodvou,48.6143,20.9996,284.23,71,0,7.72,SK,2023-06-13 02:36:56
453,harper,4.375,-7.7169,298.55,76,98,3.79,LR,2023-06-13 02:36:56
454,konarka,19.9,86.1167,300.37,68,96,3.31,IN,2023-06-13 02:36:56
455,anacortes,48.5126,-122.6127,297.43,66,0,3.09,US,2023-06-13 02:33:33
456,chimbote,-9.0853,-78.5783,294.32,82,33,5.57,PE,2023-06-13 02:34:51
457,isangel,-19.55,169.2667,299.21,65,100,2.06,VU,2023-06-13 02:34:26
458,asheboro,35.7079,-79.8136,294.71,73,0,0.0,US,2023-06-13 02:33:33
459,imperatriz,-5.5264,-47.4917,297.09,70,15,1.31,BR,2023-06-13 02:36:57
460,castillos,-34.1667,-53.8333,282.33,66,98,1.76,UY,2023-06-13 02:33:46
461,al kharijah,25.4514,30.5464,302.76,26,0,1.82,EG,2023-06-13 02:35:29
462,lamu,-2.2717,40.902,297.27,78,16,5.8,KE,2023-06-13 02:28:54
463,ouadda,8.0777,22.4007,293.58,99,100,0.7,CF,2023-06-13 02:36:57
464,birjand,32.8663,59.2211,291.41,22,0,2.06,IR,2023-06-13 02:36:57
465,papao,-17.75,-149.55,301.97,69,5,9.02,PF,2023-06-13 02:29:49
466,mahdia,35.5047,11.0622,296.12,65,100,4.18,TN,2023-06-13 02:36:57
467,teknaf,20.8624,92.3058,301.69,80,99,4.24,BD,2023-06-13 02:36:57
468,kurkino,53.4257,38.6582,283.03,73,100,6.76,RU,2023-06-13 02:36:58
469,abqaiq,25.9371,49.6776,308.22,15,2,2.51,SA,2023-06-13 02:36:58
470,minot air force base,48.4209,-101.3391,296.25,52,0,2.06,US,2023-06-13 02:34:49
471,hasaki,35.7333,140.8333,297.37,85,99,5.43,JP,2023-06-13 02:34:47
472,comodoro rivadavia,-45.8667,-67.5,281.07,34,0,6.17,AR,2023-06-13 02:36:58
473,zyryanovsk,49.7386,84.2719,291.1,61,0,0.24,KZ,2023-06-13 02:36:58
474,sinabang,2.4803,96.3801,302.5,68,25,1.25,ID,2023-06-13 02:34:09
475,kapa'a,22.0752,-159.319,301.14,80,20,6.69,US,2023-06-13 02:34:52
476,lenbe,19.7,-72.4,299.81,91,23,1.04,HT,2023-06-13 02:36:58
477,saint-philippe,-21.3585,55.7679,294.92,74,0,1.93,RE,2023-06-13 02:35:38
478,rabaul,-4.1967,152.1721,303.27,67,13,4.98,PG,2023-06-13 02:36:59
479,ungsang-nodongjagu,42.3578,130.4622,292.29,75,88,2.09,KP,2023-06-13 02:36:59
480,inarajan village,13.2736,144.7484,304.23,87,31,7.91,GU,2023-06-13 02:36:59
481,soran,49.78,72.8506,292.42,33,10,2.15,KZ,2023-06-13 02:36:59
482,kahama,-3.8333,32.6,289.96,63,23,0.79,TZ,2023-06-13 02:36:59
483,neustadt an der orla,50.7364,11.7459,285.5,82,0,1.02,DE,2023-06-13 02:36:59
484,nova xavantina,-14.6667,-52.35,296.08,69,52,0.04,BR,2023-06-13 02:37:00
485,cavaillon,43.8312,5.0359,291.81,94,100,1.03,FR,2023-06-13 02:37:00
486,bikenibeu village,1.3673,173.1241,304.13,74,40,2.06,KI,2023-06-13 02:34:15
487,aripuana,-9.1667,-60.6333,298.41,77,79,0.35,BR,2023-06-13 02:37:00
488,ardakan,32.31,54.0175,303.2,22,0,0.79,IR,2023-06-13 02:37:00
489,bamboo flat,11.7,92.7167,302.2,84,100,2.57,IN,2023-06-13 02:34:37
490,oroqen zizhiqi,50.5667,123.7167,302.56,32,100,1.08,CN,2023-06-13 02:29:48
491,ambodifotatra,-16.9833,49.85,297.18,74,22,2.2,MG,2023-06-13 02:37:00
492,tannum sands,-23.9504,151.3693,298.09,50,40,1.54,AU,2023-06-13 02:37:00
493,mil'kovo,55.6078,37.7956,282.42,74,1,3.2,RU,2023-06-13 02:34:08
494,hadibu,12.65,54.0333,301.39,78,100,10.52,YE,2023-06-13 02:33:57
495,arkhangel'sk,64.5401,40.5433,289.61,53,87,4.89,RU,2023-06-13 02:33:47
496,chake chake,-5.2459,39.7666,297.31,79,13,3.25,TZ,2023-06-13 02:37:01
497,kroya,-7.6331,109.2461,300.98,76,100,5.09,ID,2023-06-13 02:37:01
498,abepura,-2.6333,140.5833,302.6,70,40,2.06,ID,2023-06-13 02:37:01
499,shizunai-furukawacho,42.3339,142.3669,289.76,84,98,4.0,JP,2023-06-13 02:29:50
500,labrador city,52.9463,-66.9114,280.1,87,40,0.0,CA,2023-06-13 02:34:05
501,xuanzhou,30.9525,118.7553,296.77,82,100,1.18,CN,2023-06-13 02:33:56
502,natal,-5.795,-35.2094,297.27,100,40,3.09,BR,2023-06-13 02:35:20
503,sisli,41.0605,28.9872,291.82,72,75,3.6,TR,2023-06-13 02:37:02
504,ndele,8.4109,20.6473,294.72,96,87,1.27,CF,2023-06-13 02:29:11
505,ambar,37.8532,40.5278,290.92,49,35,1.84,TR,2023-06-13 02:37:02
506,lauro de freitas,-12.8944,-38.3272,300.16,78,40,2.57,BR,2023-06-13 02:37:02
507,annau,37.8876,58.516,299.87,32,0,1.03,TM,2023-06-13 02:37:02
508,narvik,68.4384,17.4272,281.14,81,100,4.44,NO,2023-06-13 02:34:47
509,magog,45.2668,-72.1491,295.39,68,100,2.06,CA,2023-06-13 02:33:24
510,bathsheba,13.2167,-59.5167,300.49,89,75,4.12,BB,2023-06-13 02:34:11
511,albertina,-22.2008,-46.6158,288.34,74,1,2.01,BR,2023-06-13 02:37:02
512,dno,57.8277,29.9637,283.95,70,39,1.5,RU,2023-06-13 02:35:19
513,tondi,9.7333,79.0167,303.87,59,99,3.64,IN,2023-06-13 02:37:03
514,myitkyina,25.3833,97.4,296.26,100,100,0.42,MM,2023-06-13 02:29:35
515,san agustin de valle fertil,-30.6335,-67.4682,277.87,42,28,0.49,AR,2023-06-13 02:35:05
516,gracias,14.5833,-88.5833,295.39,87,98,0.81,HN,2023-06-13 02:37:03
517,axim,4.8699,-2.2405,298.22,70,77,2.55,GH,2023-06-13 02:29:51
518,warmbaths,-24.8833,28.2833,281.66,53,0,3.76,ZA,2023-06-13 02:37:03
519,bahia de kino,28.8333,-111.9333,303.66,42,30,3.71,MX,2023-06-13 02:37:03
520,kyela,-9.5833,33.85,292.76,72,73,1.38,TZ,2023-06-13 02:37:04
521,nabire,-3.3667,135.4833,302.22,68,99,1.65,ID,2023-06-13 02:34:25
522,mahibadhoo,3.7833,72.9667,302.05,76,91,7.22,MV,2023-06-13 02:34:56
523,okhotsk,59.3833,143.3,281.74,85,91,5.42,RU,2023-06-13 02:34:46
524,kingsford,-33.924,151.2275,293.02,60,0,6.17,AU,2023-06-13 02:37:04
525,calhoun,42.2506,-85.0005,284.2,58,40,0.0,US,2023-06-13 02:37:04
526,coquimbo,-29.9533,-71.3436,284.0,81,100,1.54,CL,2023-06-13 02:28:28
527,quellon,-43.1167,-73.6167,275.29,100,75,1.03,CL,2023-06-13 02:34:09
528,mandera,3.9366,41.867,296.89,58,20,5.47,KE,2023-06-13 02:34:21
529,chibougamau,49.9168,-74.3659,290.94,63,0,2.57,CA,2023-06-13 02:34:32
530,tromso,69.6496,18.957,280.16,81,100,8.75,NO,2023-06-13 02:29:41
531,grantsville,40.5999,-112.4644,292.14,59,100,5.66,US,2023-06-13 02:29:18
532,santa ana de yacuma,-13.75,-65.4333,285.63,92,100,5.48,BO,2023-06-13 02:34:11
533,as saffaniyah,27.9708,48.73,306.91,33,0,4.18,SA,2023-06-13 02:37:05
534,eilat,29.5581,34.9482,300.33,44,0,1.82,IL,2023-06-13 02:37:05
535,carutapera,-1.195,-46.02,297.7,93,65,2.91,BR,2023-06-13 02:37:05
536,caarapo,-22.6342,-54.8222,282.31,93,100,3.02,BR,2023-06-13 02:37:05
537,cozumel,20.5083,-86.9458,302.56,90,40,2.68,MX,2023-06-13 02:30:07
538,anna regina,7.2644,-58.5077,299.66,83,81,3.54,GY,2023-06-13 02:35:25
539,naze,28.3667,129.4833,295.66,92,100,3.26,JP,2023-06-13 02:29:14
540,toliara,-23.35,43.6667,291.8,84,3,2.92,MG,2023-06-13 02:29:12
541,labytnangi,66.6572,66.4183,282.29,46,98,4.02,RU,2023-06-13 02:33:53
542,kokopo,-4.352,152.2633,303.55,63,12,5.16,PG,2023-06-13 02:37:06
543,sao francisco de paula,-29.4481,-50.5836,274.84,92,72,0.54,BR,2023-06-13 02:37:06
544,benjamin constant,-4.3831,-70.0311,298.22,98,39,0.62,BR,2023-06-13 02:37:06
545,vega de alatorre,20.0333,-96.6333,301.15,90,0,2.98,MX,2023-06-13 02:30:12
546,turka,49.1541,23.0297,281.56,96,99,1.57,UA,2023-06-13 02:37:06
547,kalianget,-7.05,113.9333,301.72,71,62,5.25,ID,2023-06-13 02:30:08
548,sao geraldo do araguaia,-6.4006,-48.555,296.61,79,5,0.37,BR,2023-06-13 02:37:06
549,coahuayana de hidalgo,18.7,-103.6583,298.25,82,11,0.83,MX,2023-06-13 02:34:10
550,garachico,28.7781,-17.7646,293.21,73,100,3.09,ES,2023-06-13 02:37:06
551,ziro,27.6333,93.8333,287.56,89,65,1.05,IN,2023-06-13 02:34:25
552,nikolayevsk-on-amure,53.1406,140.73,290.45,57,67,3.72,RU,2023-06-13 02:37:07
553,gaspe,48.8334,-64.4819,286.1,100,0,0.0,CA,2023-06-13 02:26:15
554,dongtai,32.8523,120.3095,301.05,39,100,2.56,CN,2023-06-13 02:37:07
555,taskopru,41.5098,34.2141,286.92,95,24,0.89,TR,2023-06-13 02:37:07
556,mirnyy,62.5353,113.9611,287.17,28,70,0.89,RU,2023-06-13 02:37:07
557,pailon,-17.65,-62.75,287.65,48,100,6.99,BO,2023-06-13 02:37:07
558,quepos,9.4236,-84.1652,300.04,86,93,0.54,CR,2023-06-13 02:37:08
559,tazacorte,28.629,-17.9293,294.69,84,100,3.09,ES,2023-06-13 02:34:40
560,gore,-46.1028,168.9436,284.39,84,59,0.48,NZ,2023-06-13 02:37:08
561,tezu,27.9167,96.1667,301.82,72,83,1.14,IN,2023-06-13 02:37:08
562,puerto colombia,10.9878,-74.9547,302.2,82,60,6.67,CO,2023-06-13 02:37:08
563,zherdevka,51.8486,41.4606,282.15,96,100,6.7,RU,2023-06-13 02:37:08
564,ibirama,-27.0569,-49.5178,287.21,99,100,1.25,BR,2023-06-13 02:37:08
565,montlouis-sur-loire,47.3833,0.8333,293.3,77,94,3.09,FR,2023-06-13 02:37:08
566,tbeng meanchey,13.8167,104.9667,304.87,57,46,3.82,KH,2023-06-13 02:37:09
567,shalazhi,43.0978,45.3608,293.79,80,54,1.06,RU,2023-06-13 02:37:09
568,ixtapa,20.7,-105.2,300.72,78,20,4.63,MX,2023-06-13 02:35:10
569,markovo,57.3206,107.0881,288.73,34,100,4.61,RU,2023-06-13 02:37:09
570,namtsy,62.7161,129.6658,281.92,66,100,2.55,RU,2023-06-13 02:37:09
571,icano,-28.9193,-65.3282,283.33,37,100,0.35,AR,2023-06-13 02:37:09
572,kushiro,42.975,144.3747,287.68,100,75,1.03,JP,2023-06-13 02:37:09
